system:index,classification,fireBinary,.geo
0_0,0.6463441,0,"{""geodesic"":false,""type"":""Point"",""coordinates"":[98.39889892642542,18.439074894123536]}"
1_0,0.32057112,0,"{""geodesic"":false,""type"":""Point"",""coordinates"":[98.05394585732353,18.775943125668356]}"
2_0,0.5752518,0,"{""geodesic"":false,""type"":""Point"",""coordinates"":[98.47974730199617,17.223654314709822]}"
3_0,0.6234384,0,"{""geodesic"":false,""type"":""Point"",""coordinates"":[98.62257943217118,15.927385359725353]}"
4_0,0.6709322,0,"{""geodesic"":false,""type"":""Point"",""coordinates"":[98.61718954046646,17.406910632670204]}"
5_0,0.13597012,0,"{""geodesic"":false,""type"":""Point"",""coordinates"":[100.75428160138681,18.16688536303532]}"
6_0,0.78414166,0,"{""geodesic"":false,""type"":""Point"",""coordinates"":[100.43627799080849,19.918600167068387]}"
7_0,0.04407596,0,"{""geodesic"":false,""type"":""Point"",""coordinates"":[98.79236102086976,19.16132038255563]}"
8_0,0.26943913,0,"{""geodesic"":false,""type"":""Point"",""coordinates"":[100.67343322581604,19.487408830691017]}"
9_0,0.10245221,0,"{""geodesic"":false,""type"":""Point"",""coordinates"":[98.90285380081647,16.584952147700843]}"
10_0,0.19253665,0,"{""geodesic"":false,""type"":""Point"",""coordinates"":[99.08611011877686,19.76498825348395]}"
11_0,0.46785635,0,"{""geodesic"":false,""type"":""Point"",""coordinates"":[97.89494405203436,17.635981030120682]}"
12_0,0.21879563,0,"{""geodesic"":false,""type"":""Point"",""coordinates"":[100.56833033757407,18.28276803468674]}"
13_0,0.190399,0,"{""geodesic"":false,""type"":""Point"",""coordinates"":[98.56598556927165,17.92703518217541]}"
14_0,0.41398257,0,"{""geodesic"":false,""type"":""Point"",""coordinates"":[97.90302888959144,17.90547561535654]}"
15_0,0.4472732,0,"{""geodesic"":false,""type"":""Point"",""coordinates"":[99.0187364724679,19.751513524222155]}"
16_0,0.30758688,0,"{""geodesic"":false,""type"":""Point"",""coordinates"":[99.10766968559572,19.247558649831106]}"
17_0,0.117972456,0,"{""geodesic"":false,""type"":""Point"",""coordinates"":[99.04568593099147,19.694919661322626]}"
18_0,0.12778682,0,"{""geodesic"":false,""type"":""Point"",""coordinates"":[99.17234838605232,17.684490055463137]}"
19_0,0.3994552,0,"{""geodesic"":false,""type"":""Point"",""coordinates"":[97.95423286078625,17.544352871140493]}"
20_0,0.10162692,0,"{""geodesic"":false,""type"":""Point"",""coordinates"":[98.50130686881505,18.41482038145231]}"
21_0,0.5256392,0,"{""geodesic"":false,""type"":""Point"",""coordinates"":[98.7249873745608,15.816892579778653]}"
22_0,0.69493055,0,"{""geodesic"":false,""type"":""Point"",""coordinates"":[99.7194223940811,20.29319764054623]}"
23_0,0.10516418,0,"{""geodesic"":false,""type"":""Point"",""coordinates"":[98.80853069598392,16.593036985257918]}"
24_0,0.12438585,0,"{""geodesic"":false,""type"":""Point"",""coordinates"":[98.88668412570232,15.4234304853343]}"
25_0,0.41054967,0,"{""geodesic"":false,""type"":""Point"",""coordinates"":[97.9380631856721,17.600946734040022]}"
26_0,0.18731537,0,"{""geodesic"":false,""type"":""Point"",""coordinates"":[100.83512997695756,18.891825797319775]}"
27_0,0.7239669,0,"{""geodesic"":false,""type"":""Point"",""coordinates"":[99.56581048049668,19.323017133697142]}"
28_0,0.82936865,0,"{""geodesic"":false,""type"":""Point"",""coordinates"":[100.28266607722405,18.819062259306094]}"
29_0,0.33288246,0,"{""geodesic"":false,""type"":""Point"",""coordinates"":[98.65222383654712,18.395955760485798]}"
30_0,0.70054877,0,"{""geodesic"":false,""type"":""Point"",""coordinates"":[98.27493141721692,19.638325798423097]}"
31_0,0.24946634,0,"{""geodesic"":false,""type"":""Point"",""coordinates"":[99.49574188833536,18.684314966688163]}"
32_0,0.56250715,0,"{""geodesic"":false,""type"":""Point"",""coordinates"":[98.10245488266598,19.091251790394306]}"
33_0,0.28221172,0,"{""geodesic"":false,""type"":""Point"",""coordinates"":[99.24241697821365,19.821582116383478]}"
34_0,0.4165273,0,"{""geodesic"":false,""type"":""Point"",""coordinates"":[98.80044585842684,18.236953955196643]}"
35_0,0.64725256,0,"{""geodesic"":false,""type"":""Point"",""coordinates"":[99.36368954156978,19.643715690127813]}"
36_0,0.4801347,0,"{""geodesic"":false,""type"":""Point"",""coordinates"":[98.46088268102966,19.021183198232986]}"
37_0,0.85384804,0,"{""geodesic"":false,""type"":""Point"",""coordinates"":[98.48783213955325,19.2933727293212]}"
38_0,0.23812419,0,"{""geodesic"":false,""type"":""Point"",""coordinates"":[99.93232311641744,19.57364709796649]}"
39_0,0.17888147,0,"{""geodesic"":false,""type"":""Point"",""coordinates"":[98.63605416143297,15.873486442678182]}"
40_0,0.49492446,0,"{""geodesic"":false,""type"":""Point"",""coordinates"":[98.26145668795513,19.597901610637717]}"
41_0,0.4404233,0,"{""geodesic"":false,""type"":""Point"",""coordinates"":[99.05916066025327,19.864701250021216]}"
42_0,0.5885947,0,"{""geodesic"":false,""type"":""Point"",""coordinates"":[99.63857401851035,19.678749986208473]}"
43_0,0.2310336,0,"{""geodesic"":false,""type"":""Point"",""coordinates"":[99.28014622014666,18.889130851467414]}"
44_0,0.15834525,0,"{""geodesic"":false,""type"":""Point"",""coordinates"":[100.2341570518816,18.156105579625887]}"
45_0,0.7991265,0,"{""geodesic"":false,""type"":""Point"",""coordinates"":[97.67395849214097,18.16688536303532]}"
46_0,0.26859725,0,"{""geodesic"":false,""type"":""Point"",""coordinates"":[97.9245884564103,18.14802074206881]}"
47_0,0.10649208,0,"{""geodesic"":false,""type"":""Point"",""coordinates"":[98.23989712113627,17.54704781699285]}"
48_0,0.7148073,0,"{""geodesic"":false,""type"":""Point"",""coordinates"":[97.79253610964474,17.81115251052399]}"
49_0,0.22083671,0,"{""geodesic"":false,""type"":""Point"",""coordinates"":[100.11288448852547,18.929555039252794]}"
50_0,0.2152156,0,"{""geodesic"":false,""type"":""Point"",""coordinates"":[98.6926480243325,19.605986448194795]}"
51_0,0.14423236,0,"{""geodesic"":false,""type"":""Point"",""coordinates"":[100.48209207029859,19.57364709796649]}"
52_0,0.7337758,0,"{""geodesic"":false,""type"":""Point"",""coordinates"":[100.73272203456793,18.44985467753297]}"
53_0,0.12663156,0,"{""geodesic"":false,""type"":""Point"",""coordinates"":[99.79488087794715,20.330926882479247]}"
54_0,0.19469568,0,"{""geodesic"":false,""type"":""Point"",""coordinates"":[98.89207401740704,18.897215689024492]}"
55_0,0.15560097,0,"{""geodesic"":false,""type"":""Point"",""coordinates"":[99.8110505530613,19.358051429777806]}"
56_0,0.2755475,0,"{""geodesic"":false,""type"":""Point"",""coordinates"":[100.25841156455283,19.34727164636837]}"
57_0,0.24545395,0,"{""geodesic"":false,""type"":""Point"",""coordinates"":[98.14287907045136,17.924340236323047]}"
58_0,0.92421144,0,"{""geodesic"":false,""type"":""Point"",""coordinates"":[98.11053972022304,19.457764426315073]}"
59_0,0.5178596,0,"{""geodesic"":false,""type"":""Point"",""coordinates"":[98.37194946790183,19.10742146550846]}"
60_0,0.04328542,0,"{""geodesic"":false,""type"":""Point"",""coordinates"":[98.66300361995656,19.261033379092897]}"
61_0,0.16649725,0,"{""geodesic"":false,""type"":""Point"",""coordinates"":[98.88398917984996,18.39056586878108]}"
62_0,0.48064336,0,"{""geodesic"":false,""type"":""Point"",""coordinates"":[98.02160650709521,17.476979224831528]}"
63_0,0.10812442,0,"{""geodesic"":false,""type"":""Point"",""coordinates"":[99.31787546207968,18.471414244351838]}"
64_0,0.4363705,0,"{""geodesic"":false,""type"":""Point"",""coordinates"":[98.88937907155467,18.97536911874289]}"
65_0,0.2639989,0,"{""geodesic"":false,""type"":""Point"",""coordinates"":[100.4228032615467,20.037177784572165]}"
66_0,0.1522336,0,"{""geodesic"":false,""type"":""Point"",""coordinates"":[99.4337581337311,18.293547818096172]}"
67_0,0.10539235,0,"{""geodesic"":false,""type"":""Point"",""coordinates"":[98.52825632733862,19.600596556490075]}"
68_0,0.74170727,0,"{""geodesic"":false,""type"":""Point"",""coordinates"":[98.2183375543174,18.307022547357967]}"
69_0,0.36171982,0,"{""geodesic"":false,""type"":""Point"",""coordinates"":[100.42010831569434,19.018488252380628]}"
70_0,0.2197322,0,"{""geodesic"":false,""type"":""Point"",""coordinates"":[99.82183033647074,20.047957567981598]}"
71_0,0.49805054,0,"{""geodesic"":false,""type"":""Point"",""coordinates"":[98.98909206809195,18.290852872243814]}"
72_0,0.19779213,0,"{""geodesic"":false,""type"":""Point"",""coordinates"":[99.63318412680565,19.177490057669782]}"
73_0,0.7958784,0,"{""geodesic"":false,""type"":""Point"",""coordinates"":[98.80853069598392,17.856966590014085]}"
74_0,0.48713496,0,"{""geodesic"":false,""type"":""Point"",""coordinates"":[99.46340253810705,17.75725359347682]}"
75_0,0.62633663,0,"{""geodesic"":false,""type"":""Point"",""coordinates"":[98.6468339448424,17.84349186075229]}"
76_0,0.15753248,0,"{""geodesic"":false,""type"":""Point"",""coordinates"":[98.76271661649382,16.916430487540946]}"
77_0,0.28830087,0,"{""geodesic"":false,""type"":""Point"",""coordinates"":[99.38794405424102,19.55747742285234]}"
78_0,0.115405396,0,"{""geodesic"":false,""type"":""Point"",""coordinates"":[99.47418232151648,18.929555039252794]}"
79_0,0.19649394,0,"{""geodesic"":false,""type"":""Point"",""coordinates"":[101.12079423730756,18.978064064595248]}"
80_0,0.065284334,0,"{""geodesic"":false,""type"":""Point"",""coordinates"":[98.87590434229288,18.643890778902787]}"
81_0,0.12854572,0,"{""geodesic"":false,""type"":""Point"",""coordinates"":[99.31787546207968,18.864876338796186]}"
82_0,0.25462663,0,"{""geodesic"":false,""type"":""Point"",""coordinates"":[99.88111914522263,18.84601171782968]}"
83_0,0.23463616,0,"{""geodesic"":false,""type"":""Point"",""coordinates"":[100.05359567977358,19.71108933643678]}"
84_0,0.099996075,0,"{""geodesic"":false,""type"":""Point"",""coordinates"":[98.23450722943154,19.164015328407988]}"
85_0,0.2687788,0,"{""geodesic"":false,""type"":""Point"",""coordinates"":[98.74115704967495,16.725089332023487]}"
86_0,0.29581144,0,"{""geodesic"":false,""type"":""Point"",""coordinates"":[99.13192419826694,17.913560452913615]}"
87_0,0.18359552,0,"{""geodesic"":false,""type"":""Point"",""coordinates"":[99.84069495743725,19.554782476999982]}"
88_0,0.83603,0,"{""geodesic"":false,""type"":""Point"",""coordinates"":[98.81392058768864,17.62250630085889]}"
89_0,0.35081053,0,"{""geodesic"":false,""type"":""Point"",""coordinates"":[98.04047112806172,19.045437710904213]}"
90_0,0.047147647,0,"{""geodesic"":false,""type"":""Point"",""coordinates"":[98.92171842178298,16.299287887350836]}"
91_0,0.54008496,0,"{""geodesic"":false,""type"":""Point"",""coordinates"":[98.64144405313769,18.517228323841934]}"
92_0,0.4457513,0,"{""geodesic"":false,""type"":""Point"",""coordinates"":[98.03777618220937,19.506273451657528]}"
93_0,0.19565912,0,"{""geodesic"":false,""type"":""Point"",""coordinates"":[99.9161534413033,18.897215689024492]}"
94_0,0.2904908,0,"{""geodesic"":false,""type"":""Point"",""coordinates"":[98.97022744712544,17.662930488644268]}"
95_0,0.5511809,0,"{""geodesic"":false,""type"":""Point"",""coordinates"":[99.50652167174479,19.851226520759422]}"
96_0,0.11803427,0,"{""geodesic"":false,""type"":""Point"",""coordinates"":[100.03473105880707,19.8593113583165]}"
97_0,0.87377423,0,"{""geodesic"":false,""type"":""Point"",""coordinates"":[97.84912997254428,19.023878144085344]}"
98_0,0.09801849,0,"{""geodesic"":false,""type"":""Point"",""coordinates"":[98.54442600245278,19.608681394047153]}"
99_0,0.10913705,0,"{""geodesic"":false,""type"":""Point"",""coordinates"":[98.51208665222448,19.697614607174984]}"
100_0,0.5430733,0,"{""geodesic"":false,""type"":""Point"",""coordinates"":[98.41506860153957,19.33379691710658]}"
101_0,0.38929713,0,"{""geodesic"":false,""type"":""Point"",""coordinates"":[99.22894224895185,16.57147741843905]}"
102_0,0.23664495,0,"{""geodesic"":false,""type"":""Point"",""coordinates"":[100.28536102307642,19.91590522121603]}"
103_0,0.35164204,0,"{""geodesic"":false,""type"":""Point"",""coordinates"":[99.94040795397451,20.449504499983025]}"
104_0,0.19064589,0,"{""geodesic"":false,""type"":""Point"",""coordinates"":[98.92980325934005,16.962244567031043]}"
105_0,0.13707758,0,"{""geodesic"":false,""type"":""Point"",""coordinates"":[100.20451264750565,18.121071283545223]}"
106_0,0.19892323,0,"{""geodesic"":false,""type"":""Point"",""coordinates"":[99.52808123856366,18.134546012807018]}"
107_0,0.11652465,0,"{""geodesic"":false,""type"":""Point"",""coordinates"":[99.32326535378441,18.528008107251367]}"
108_0,0.21370353,0,"{""geodesic"":false,""type"":""Point"",""coordinates"":[99.44184297128818,20.050652513833956]}"
109_0,0.22340599,0,"{""geodesic"":false,""type"":""Point"",""coordinates"":[99.71133755652404,17.932425073880125]}"
110_0,0.8447416,0,"{""geodesic"":false,""type"":""Point"",""coordinates"":[98.70073286188958,18.568432295036747]}"
111_0,0.4911511,0,"{""geodesic"":false,""type"":""Point"",""coordinates"":[98.25606679625041,18.436379948271178]}"
112_0,0.49673226,0,"{""geodesic"":false,""type"":""Point"",""coordinates"":[99.63048918095328,18.14802074206881]}"
113_0,0.31203204,0,"{""geodesic"":false,""type"":""Point"",""coordinates"":[99.06455055195798,17.140110993286708]}"
114_0,0.07219648,0,"{""geodesic"":false,""type"":""Point"",""coordinates"":[99.07802528121978,18.78672290907779]}"
115_0,0.30482548,0,"{""geodesic"":false,""type"":""Point"",""coordinates"":[99.2585866533278,16.935295108507457]}"
116_0,0.49328527,0,"{""geodesic"":false,""type"":""Point"",""coordinates"":[97.73863719259757,18.22886911763957]}"
117_0,0.3309203,0,"{""geodesic"":false,""type"":""Point"",""coordinates"":[98.27223647136456,18.00249366604145]}"
118_0,0.63219523,0,"{""geodesic"":false,""type"":""Point"",""coordinates"":[98.54712094830514,17.619811355006533]}"
119_0,0.27732038,0,"{""geodesic"":false,""type"":""Point"",""coordinates"":[99.42028340446932,19.616766231604227]}"
120_0,0.53409505,0,"{""geodesic"":false,""type"":""Point"",""coordinates"":[99.07802528121978,17.080822184534817]}"
121_0,0.21635269,0,"{""geodesic"":false,""type"":""Point"",""coordinates"":[99.47418232151648,17.781508106148046]}"
122_0,0.21897648,0,"{""geodesic"":false,""type"":""Point"",""coordinates"":[99.39872383765045,17.60633662574474]}"
123_0,0.48540285,0,"{""geodesic"":false,""type"":""Point"",""coordinates"":[98.24259206698862,19.188269841079215]}"
124_0,0.11988063,0,"{""geodesic"":false,""type"":""Point"",""coordinates"":[98.77619134575562,15.660585720341855]}"
125_0,0.2939575,0,"{""geodesic"":false,""type"":""Point"",""coordinates"":[99.21546751969007,16.878701245607925]}"
126_0,0.07350148,0,"{""geodesic"":false,""type"":""Point"",""coordinates"":[99.10766968559572,18.78402796322543]}"
127_0,0.28318518,0,"{""geodesic"":false,""type"":""Point"",""coordinates"":[99.91884838715565,19.624851069161302]}"
128_0,0.6373079,0,"{""geodesic"":false,""type"":""Point"",""coordinates"":[99.00795668905846,19.74342868666508]}"
129_0,0.3432017,0,"{""geodesic"":false,""type"":""Point"",""coordinates"":[98.40159387227777,18.33666695173391]}"
130_0,0.46123946,0,"{""geodesic"":false,""type"":""Point"",""coordinates"":[98.03777618220937,17.751863701772102]}"
131_0,0.24020745,0,"{""geodesic"":false,""type"":""Point"",""coordinates"":[100.67612817166841,19.414645292677335]}"
132_0,0.2536007,0,"{""geodesic"":false,""type"":""Point"",""coordinates"":[98.84625993791694,17.73299908080559]}"
133_0,0.25305712,0,"{""geodesic"":false,""type"":""Point"",""coordinates"":[101.08845488707927,18.78941785493015]}"
134_0,0.28143665,0,"{""geodesic"":false,""type"":""Point"",""coordinates"":[100.78931589746746,19.25564348738818]}"
135_0,0.25149107,0,"{""geodesic"":false,""type"":""Point"",""coordinates"":[100.27458123966697,19.716479228141495]}"
136_0,0.63434476,0,"{""geodesic"":false,""type"":""Point"",""coordinates"":[98.28032130892164,17.291027961018788]}"
137_0,0.6197882,0,"{""geodesic"":false,""type"":""Point"",""coordinates"":[99.08072022707213,16.560697635029616]}"
138_0,0.7813439,0,"{""geodesic"":false,""type"":""Point"",""coordinates"":[99.47418232151648,19.864701250021216]}"
139_0,0.32654947,0,"{""geodesic"":false,""type"":""Point"",""coordinates"":[98.22911733772683,19.188269841079215]}"
140_0,0.10390629,0,"{""geodesic"":false,""type"":""Point"",""coordinates"":[98.95136282615893,15.250953950783353]}"
141_0,0.8033209,0,"{""geodesic"":false,""type"":""Point"",""coordinates"":[100.87824911059529,18.5846019701509]}"
142_0,0.13400078,0,"{""geodesic"":false,""type"":""Point"",""coordinates"":[98.05933574902824,17.856966590014085]}"
143_0,0.38599655,0,"{""geodesic"":false,""type"":""Point"",""coordinates"":[97.80331589305418,18.670840237426372]}"
144_0,0.15044303,0,"{""geodesic"":false,""type"":""Point"",""coordinates"":[98.07281047829004,18.819062259306094]}"
145_0,0.1487503,0,"{""geodesic"":false,""type"":""Point"",""coordinates"":[98.57946029853345,18.71665431691647]}"
146_0,0.06472157,0,"{""geodesic"":false,""type"":""Point"",""coordinates"":[98.81392058768864,19.301457566878277]}"
147_0,0.4384044,0,"{""geodesic"":false,""type"":""Point"",""coordinates"":[98.29110109233108,19.120896194770253]}"
148_0,0.24934675,0,"{""geodesic"":false,""type"":""Point"",""coordinates"":[100.0913249217066,19.826972008088195]}"
149_0,0.21320224,0,"{""geodesic"":false,""type"":""Point"",""coordinates"":[98.7061227535943,17.892000886094745]}"
150_0,0.7847549,0,"{""geodesic"":false,""type"":""Point"",""coordinates"":[99.73020217749055,18.258513522015512]}"
151_0,0.7053182,0,"{""geodesic"":false,""type"":""Point"",""coordinates"":[99.86494947010847,17.8300171314905]}"
152_0,0.7242735,0,"{""geodesic"":false,""type"":""Point"",""coordinates"":[97.88685921447728,17.932425073880125]}"
153_0,0.39893785,0,"{""geodesic"":false,""type"":""Point"",""coordinates"":[100.45783755762736,18.094121825021638]}"
154_0,0.5056645,0,"{""geodesic"":false,""type"":""Point"",""coordinates"":[100.56024550001699,18.26390341372023]}"
155_0,0.5342496,0,"{""geodesic"":false,""type"":""Point"",""coordinates"":[99.65743863947687,20.258163344465565]}"
156_0,0.6426754,0,"{""geodesic"":false,""type"":""Point"",""coordinates"":[97.997351994424,18.032138070417393]}"
157_0,0.34812585,0,"{""geodesic"":false,""type"":""Point"",""coordinates"":[99.37446932497922,16.929905216802737]}"
158_0,0.83610886,0,"{""geodesic"":false,""type"":""Point"",""coordinates"":[98.92441336763534,18.385175977076365]}"
159_0,0.08731325,0,"{""geodesic"":false,""type"":""Point"",""coordinates"":[98.87859928814524,19.31223735028771]}"
160_0,0.38559222,0,"{""geodesic"":false,""type"":""Point"",""coordinates"":[99.74098196089999,20.08568680991462]}"
161_0,0.38555965,0,"{""geodesic"":false,""type"":""Point"",""coordinates"":[97.74672203015464,17.881221102685313]}"
162_0,0.19401346,0,"{""geodesic"":false,""type"":""Point"",""coordinates"":[100.29075091478113,19.66797020279904]}"
163_0,0.37036917,0,"{""geodesic"":false,""type"":""Point"",""coordinates"":[99.16695849434761,18.271988251277303]}"
164_0,0.41316485,0,"{""geodesic"":false,""type"":""Point"",""coordinates"":[99.80835560720895,19.42812002193913]}"
165_0,0.080648296,0,"{""geodesic"":false,""type"":""Point"",""coordinates"":[98.04047112806172,18.97267417289053]}"
166_0,0.71439815,0,"{""geodesic"":false,""type"":""Point"",""coordinates"":[98.94327798860185,17.37996117414662]}"
167_0,0.09064238,0,"{""geodesic"":false,""type"":""Point"",""coordinates"":[101.19355777532125,18.800197638339583]}"
168_0,0.31007558,0,"{""geodesic"":false,""type"":""Point"",""coordinates"":[100.60605957950708,18.61963626623156]}"
169_0,0.48548943,0,"{""geodesic"":false,""type"":""Point"",""coordinates"":[100.14252889290141,19.51974818091932]}"
170_0,0.9287119,0,"{""geodesic"":false,""type"":""Point"",""coordinates"":[97.96770759004805,19.042742765051855]}"
171_0,0.42620352,0,"{""geodesic"":false,""type"":""Point"",""coordinates"":[98.75732672478911,18.902605580729208]}"
172_0,0.2525701,0,"{""geodesic"":false,""type"":""Point"",""coordinates"":[99.39063900009337,19.6706651486514]}"
173_0,0.87935436,0,"{""geodesic"":false,""type"":""Point"",""coordinates"":[100.22876716017689,18.8379268802726]}"
174_0,0.17869383,0,"{""geodesic"":false,""type"":""Point"",""coordinates"":[99.64665885606743,18.11298644598815]}"
175_0,0.12192792,0,"{""geodesic"":false,""type"":""Point"",""coordinates"":[99.57659026390611,18.40673554389523]}"
176_0,0.17389496,0,"{""geodesic"":false,""type"":""Point"",""coordinates"":[99.42028340446932,18.79211280078251]}"
177_0,0.20451169,0,"{""geodesic"":false,""type"":""Point"",""coordinates"":[100.8917238398571,19.38769583415375]}"
178_0,0.06385014,0,"{""geodesic"":false,""type"":""Point"",""coordinates"":[98.95136282615893,15.40995575607251]}"
179_0,0.7236072,0,"{""geodesic"":false,""type"":""Point"",""coordinates"":[97.65778881702681,18.215394388377774]}"
180_0,0.47643277,0,"{""geodesic"":false,""type"":""Point"",""coordinates"":[98.81931047939335,15.542008102838079]}"
181_0,0.6563493,0,"{""geodesic"":false,""type"":""Point"",""coordinates"":[100.62492420047359,18.115681391840507]}"
182_0,0.13605087,0,"{""geodesic"":false,""type"":""Point"",""coordinates"":[98.59293502779524,19.336491862958937]}"
183_0,0.5431784,0,"{""geodesic"":false,""type"":""Point"",""coordinates"":[99.86225452425612,17.972849261665502]}"
184_0,0.16931832,0,"{""geodesic"":false,""type"":""Point"",""coordinates"":[99.75715163601413,19.624851069161302]}"
185_0,0.39746842,0,"{""geodesic"":false,""type"":""Point"",""coordinates"":[99.4660974839594,19.77846298274574]}"
186_0,0.19879442,0,"{""geodesic"":false,""type"":""Point"",""coordinates"":[99.11036463144808,17.724914243248516]}"
187_0,0.21890162,0,"{""geodesic"":false,""type"":""Point"",""coordinates"":[98.58754513609051,17.951289694846636]}"
188_0,0.57552004,0,"{""geodesic"":false,""type"":""Point"",""coordinates"":[100.5791101209835,18.549567674070236]}"
189_0,0.51551646,0,"{""geodesic"":false,""type"":""Point"",""coordinates"":[100.95370759446133,18.50375359458014]}"
190_0,0.46654266,0,"{""geodesic"":false,""type"":""Point"",""coordinates"":[99.46340253810705,17.765338431033893]}"
191_0,0.12185588,0,"{""geodesic"":false,""type"":""Point"",""coordinates"":[100.11827438023018,20.17731496889481]}"
192_0,0.3436285,0,"{""geodesic"":false,""type"":""Point"",""coordinates"":[98.39620398057306,17.770728322738613]}"
193_0,0.4076043,0,"{""geodesic"":false,""type"":""Point"",""coordinates"":[100.8647743813335,19.390390780006108]}"
194_0,0.08613978,0,"{""geodesic"":false,""type"":""Point"",""coordinates"":[98.61988448631882,18.746298721292412]}"
195_0,0.33722618,0,"{""geodesic"":false,""type"":""Point"",""coordinates"":[99.24511192406601,19.304152512730635]}"
196_0,0.30336377,0,"{""geodesic"":false,""type"":""Point"",""coordinates"":[99.92962817056508,18.134546012807018]}"
197_0,0.77251357,0,"{""geodesic"":false,""type"":""Point"",""coordinates"":[99.37716427083157,18.107596554283433]}"
198_0,0.22170249,0,"{""geodesic"":false,""type"":""Point"",""coordinates"":[100.77314622235332,18.765163342258923]}"
199_0,0.50977045,0,"{""geodesic"":false,""type"":""Point"",""coordinates"":[99.98083214175989,19.476629047281584]}"
200_0,0.10639594,0,"{""geodesic"":false,""type"":""Point"",""coordinates"":[99.30170578696554,18.474109190204196]}"
201_0,0.66530776,0,"{""geodesic"":false,""type"":""Point"",""coordinates"":[98.05933574902824,18.007883557746165]}"
202_0,0.50327426,0,"{""geodesic"":false,""type"":""Point"",""coordinates"":[99.52808123856366,18.2073095508207]}"
203_0,0.5667662,0,"{""geodesic"":false,""type"":""Point"",""coordinates"":[98.20216787920324,18.722044208621185]}"
204_0,0.21972966,0,"{""geodesic"":false,""type"":""Point"",""coordinates"":[100.26110651040518,19.878175979283007]}"
205_0,0.44839323,0,"{""geodesic"":false,""type"":""Point"",""coordinates"":[99.79757582379952,18.840621826124963]}"
206_0,0.24117295,0,"{""geodesic"":false,""type"":""Point"",""coordinates"":[99.23433214065658,18.948419660219304]}"
207_0,0.2746399,0,"{""geodesic"":false,""type"":""Point"",""coordinates"":[99.2585866533278,17.312587527837657]}"
208_0,0.43938684,0,"{""geodesic"":false,""type"":""Point"",""coordinates"":[99.26128159918017,19.476629047281584]}"
209_0,0.0798536,0,"{""geodesic"":false,""type"":""Point"",""coordinates"":[99.09419495633392,18.678925074983447]}"
210_0,0.6107434,0,"{""geodesic"":false,""type"":""Point"",""coordinates"":[97.66856860043625,18.22886911763957]}"
211_0,0.82440346,0,"{""geodesic"":false,""type"":""Point"",""coordinates"":[97.99196210271927,18.40673554389523]}"
212_0,0.6508603,0,"{""geodesic"":false,""type"":""Point"",""coordinates"":[100.44705777421792,19.959024354853767]}"
213_0,0.08438221,0,"{""geodesic"":false,""type"":""Point"",""coordinates"":[98.91902347593062,18.57651713259382]}"
214_0,0.2508448,0,"{""geodesic"":false,""type"":""Point"",""coordinates"":[99.24511192406601,17.388046011703693]}"
215_0,0.16450518,0,"{""geodesic"":false,""type"":""Point"",""coordinates"":[100.34195488597594,17.953984640698994]}"
216_0,0.7300307,0,"{""geodesic"":false,""type"":""Point"",""coordinates"":[99.59275993902025,20.128805943552354]}"
217_0,0.0556145,0,"{""geodesic"":false,""type"":""Point"",""coordinates"":[99.04299098513911,15.8007229046645]}"
218_0,0.16947928,0,"{""geodesic"":false,""type"":""Point"",""coordinates"":[99.52269134685893,18.253123630310796]}"
219_0,0.25444314,0,"{""geodesic"":false,""type"":""Point"",""coordinates"":[99.05377076854855,18.40673554389523]}"
220_0,0.38498032,0,"{""geodesic"":false,""type"":""Point"",""coordinates"":[98.06203069488059,18.271988251277303]}"
221_0,0.12156749,0,"{""geodesic"":false,""type"":""Point"",""coordinates"":[98.2183375543174,17.803067672966915]}"
222_0,0.7703695,0,"{""geodesic"":false,""type"":""Point"",""coordinates"":[97.94075813152446,18.533397998956083]}"
223_0,0.03287359,0,"{""geodesic"":false,""type"":""Point"",""coordinates"":[99.40680867520751,19.040047819199494]}"
224_0,0.42527482,0,"{""geodesic"":false,""type"":""Point"",""coordinates"":[99.56850542634903,18.29624276394853]}"
225_0,0.20064142,0,"{""geodesic"":false,""type"":""Point"",""coordinates"":[97.80062094720182,18.697789695949957]}"
226_0,0.29194927,0,"{""geodesic"":false,""type"":""Point"",""coordinates"":[98.3611696844924,17.929730128027767]}"
227_0,0.3656618,0,"{""geodesic"":false,""type"":""Point"",""coordinates"":[98.04586101976645,19.323017133697142]}"
228_0,0.22871026,0,"{""geodesic"":false,""type"":""Point"",""coordinates"":[97.79792600134945,18.775943125668356]}"
229_0,0.4716382,0,"{""geodesic"":false,""type"":""Point"",""coordinates"":[99.54964080538252,19.172100165965066]}"
230_0,0.1578537,0,"{""geodesic"":false,""type"":""Point"",""coordinates"":[99.51460650930187,19.382305942449033]}"
231_0,0.36749607,0,"{""geodesic"":false,""type"":""Point"",""coordinates"":[98.49591697711033,18.937639876809868]}"
232_0,0.62458634,0,"{""geodesic"":false,""type"":""Point"",""coordinates"":[99.80566066135658,18.97267417289053]}"
233_0,0.06418634,0,"{""geodesic"":false,""type"":""Point"",""coordinates"":[101.01030145736087,19.10742146550846]}"
234_0,0.8156149,0,"{""geodesic"":false,""type"":""Point"",""coordinates"":[97.65509387117446,18.56573734918439]}"
235_0,0.21143223,0,"{""geodesic"":false,""type"":""Point"",""coordinates"":[99.8245252823231,19.735343849108006]}"
236_0,0.59973043,0,"{""geodesic"":false,""type"":""Point"",""coordinates"":[99.95927257494102,17.948594748994275]}"
237_0,0.5099489,0,"{""geodesic"":false,""type"":""Point"",""coordinates"":[99.08072022707213,16.64693590230509]}"
238_0,0.10737672,0,"{""geodesic"":false,""type"":""Point"",""coordinates"":[98.54442600245278,18.528008107251367]}"
239_0,0.26486555,0,"{""geodesic"":false,""type"":""Point"",""coordinates"":[100.54138087905048,20.136890781109432]}"
240_0,0.15326346,0,"{""geodesic"":false,""type"":""Point"",""coordinates"":[99.76254152771885,20.322842044922172]}"
241_0,0.40265962,0,"{""geodesic"":false,""type"":""Point"",""coordinates"":[98.88668412570232,17.902780669504182]}"
242_0,0.3416351,0,"{""geodesic"":false,""type"":""Point"",""coordinates"":[99.08072022707213,19.185574895226857]}"
243_0,0.6982043,0,"{""geodesic"":false,""type"":""Point"",""coordinates"":[98.17791336653201,19.285287891764124]}"
244_0,0.24442892,0,"{""geodesic"":false,""type"":""Point"",""coordinates"":[100.06976535488772,20.260858290317923]}"
245_0,0.1788274,0,"{""geodesic"":false,""type"":""Point"",""coordinates"":[100.18564802653914,19.735343849108006]}"
246_0,0.30361417,0,"{""geodesic"":false,""type"":""Point"",""coordinates"":[97.94075813152446,18.139935904511734]}"
247_0,0.48834372,0,"{""geodesic"":false,""type"":""Point"",""coordinates"":[98.62527437802353,19.651800527684887]}"
248_0,0.15640448,0,"{""geodesic"":false,""type"":""Point"",""coordinates"":[100.62222925462123,18.999623631414117]}"
249_0,0.52027965,0,"{""geodesic"":false,""type"":""Point"",""coordinates"":[100.35003972353302,19.19904962448865]}"
250_0,0.83792573,0,"{""geodesic"":false,""type"":""Point"",""coordinates"":[97.8733844852155,18.63311099549335]}"
251_0,0.7402339,0,"{""geodesic"":false,""type"":""Point"",""coordinates"":[101.0668953202604,19.42273013023441]}"
252_0,0.14761288,0,"{""geodesic"":false,""type"":""Point"",""coordinates"":[99.32865524548912,20.018313163605654]}"
253_0,0.2579849,0,"{""geodesic"":false,""type"":""Point"",""coordinates"":[101.13426896656937,19.045437710904213]}"
254_0,0.30814323,0,"{""geodesic"":false,""type"":""Point"",""coordinates"":[100.33656499427123,19.14245576158912]}"
255_0,0.56880695,0,"{""geodesic"":false,""type"":""Point"",""coordinates"":[98.95136282615893,16.733174169580565]}"
256_0,0.20529145,0,"{""geodesic"":false,""type"":""Point"",""coordinates"":[100.1560036221632,18.196529767411263]}"
257_0,0.62772363,0,"{""geodesic"":false,""type"":""Point"",""coordinates"":[100.97796210713257,18.625026157936276]}"
258_0,0.4350014,0,"{""geodesic"":false,""type"":""Point"",""coordinates"":[99.94310289982687,18.253123630310796]}"
259_0,0.18209906,0,"{""geodesic"":false,""type"":""Point"",""coordinates"":[99.86764441596084,19.961719300706125]}"
260_0,0.2193279,0,"{""geodesic"":false,""type"":""Point"",""coordinates"":[99.99161192516932,19.624851069161302]}"
261_0,0.45482355,0,"{""geodesic"":false,""type"":""Point"",""coordinates"":[98.54712094830514,16.9326001626551]}"
262_0,0.85263616,0,"{""geodesic"":false,""type"":""Point"",""coordinates"":[100.04012095051178,18.554957565774952]}"
263_0,0.26138172,0,"{""geodesic"":false,""type"":""Point"",""coordinates"":[98.32074549670702,17.956679586551353]}"
264_0,0.14036351,0,"{""geodesic"":false,""type"":""Point"",""coordinates"":[100.19912275580094,18.20461460496834]}"
265_0,0.3025293,0,"{""geodesic"":false,""type"":""Point"",""coordinates"":[100.58450001268821,18.498363702875423]}"
266_0,0.09327073,0,"{""geodesic"":false,""type"":""Point"",""coordinates"":[99.04838087684384,18.630416049640992]}"
267_0,0.27685794,0,"{""geodesic"":false,""type"":""Point"",""coordinates"":[99.86764441596084,19.79732760371225]}"
268_0,0.67355883,0,"{""geodesic"":false,""type"":""Point"",""coordinates"":[100.30422564404293,20.007533380196218]}"
269_0,0.28430152,0,"{""geodesic"":false,""type"":""Point"",""coordinates"":[99.4283682420264,18.630416049640992]}"
270_0,0.060555905,0,"{""geodesic"":false,""type"":""Point"",""coordinates"":[99.09150001048157,18.835231934420243]}"
271_0,0.21340124,0,"{""geodesic"":false,""type"":""Point"",""coordinates"":[98.44740795176787,19.643715690127813]}"
272_0,0.32390743,0,"{""geodesic"":false,""type"":""Point"",""coordinates"":[99.44992780884526,18.196529767411263]}"
273_0,0.3741229,0,"{""geodesic"":false,""type"":""Point"",""coordinates"":[99.20738268213299,16.638851064748014]}"
274_0,0.29397765,0,"{""geodesic"":false,""type"":""Point"",""coordinates"":[99.8245252823231,20.198874535713678]}"
275_0,0.12625697,0,"{""geodesic"":false,""type"":""Point"",""coordinates"":[98.0431660739141,18.964589335333454]}"
276_0,0.39103332,0,"{""geodesic"":false,""type"":""Point"",""coordinates"":[99.36638448742214,19.53591785603347]}"
277_0,0.21496774,0,"{""geodesic"":false,""type"":""Point"",""coordinates"":[97.90033394373908,17.73569402665795]}"
278_0,0.38345012,0,"{""geodesic"":false,""type"":""Point"",""coordinates"":[98.06742058658531,17.73569402665795]}"
279_0,0.10247858,0,"{""geodesic"":false,""type"":""Point"",""coordinates"":[98.816615533541,16.89217597486972]}"
280_0,0.23666377,0,"{""geodesic"":false,""type"":""Point"",""coordinates"":[98.47166246443909,19.08316695283723]}"
281_0,0.24299751,0,"{""geodesic"":false,""type"":""Point"",""coordinates"":[98.0808953158471,17.525488250173982]}"
282_0,0.73368734,0,"{""geodesic"":false,""type"":""Point"",""coordinates"":[98.60910470290939,16.673885360828674]}"
283_0,0.64643794,0,"{""geodesic"":false,""type"":""Point"",""coordinates"":[98.59562997364759,17.064652509420668]}"
284_0,0.56189764,0,"{""geodesic"":false,""type"":""Point"",""coordinates"":[100.1236642719349,18.754383558849486]}"
285_0,0.32178077,0,"{""geodesic"":false,""type"":""Point"",""coordinates"":[101.1450487499788,18.91877525584336]}"
286_0,0.21824467,0,"{""geodesic"":false,""type"":""Point"",""coordinates"":[100.17486824312971,18.484888973613632]}"
287_0,0.46982834,0,"{""geodesic"":false,""type"":""Point"",""coordinates"":[98.90824369252118,17.388046011703693]}"
288_0,0.061784003,0,"{""geodesic"":false,""type"":""Point"",""coordinates"":[98.8489548837693,18.530703053103725]}"
289_0,0.47236001,0,"{""geodesic"":false,""type"":""Point"",""coordinates"":[100.2988357523382,18.385175977076365]}"
290_0,0.6432738,0,"{""geodesic"":false,""type"":""Point"",""coordinates"":[98.75732672478911,17.43116514534143]}"
291_0,0.11390161,0,"{""geodesic"":false,""type"":""Point"",""coordinates"":[100.36890434449953,19.589816773080642]}"
292_0,0.5168378,0,"{""geodesic"":false,""type"":""Point"",""coordinates"":[99.26667149088487,18.161495471330603]}"
293_0,0.3457971,0,"{""geodesic"":false,""type"":""Point"",""coordinates"":[100.01856138369291,20.320147099069814]}"
294_0,0.8682172,0,"{""geodesic"":false,""type"":""Point"",""coordinates"":[98.63066426972826,16.733174169580565]}"
295_0,0.5973613,0,"{""geodesic"":false,""type"":""Point"",""coordinates"":[99.67360831459102,17.881221102685313]}"
296_0,0.07847493,0,"{""geodesic"":false,""type"":""Point"",""coordinates"":[98.47166246443909,19.603291502342437]}"
297_0,0.42225862,0,"{""geodesic"":false,""type"":""Point"",""coordinates"":[98.05933574902824,18.320497276619758]}"
298_0,0.43412048,0,"{""geodesic"":false,""type"":""Point"",""coordinates"":[98.4905270854056,17.35570666147539]}"
299_0,0.4733701,0,"{""geodesic"":false,""type"":""Point"",""coordinates"":[100.97257221542785,18.732823992030617]}"
300_0,0.619569,1,"{""geodesic"":false,""type"":""Point"",""coordinates"":[98.530951273191,17.32336731124709]}"
301_0,0.60932004,1,"{""geodesic"":false,""type"":""Point"",""coordinates"":[99.64396391021508,18.97267417289053]}"
302_0,0.88727635,1,"{""geodesic"":false,""type"":""Point"",""coordinates"":[97.69821300481219,18.288157926391456]}"
303_0,0.7775498,1,"{""geodesic"":false,""type"":""Point"",""coordinates"":[98.5363411648957,18.03752796212211]}"
304_0,0.67591316,1,"{""geodesic"":false,""type"":""Point"",""coordinates"":[97.94075813152446,18.630416049640992]}"
305_0,0.6862205,1,"{""geodesic"":false,""type"":""Point"",""coordinates"":[99.1804332236094,17.1535857225485]}"
306_0,0.6253942,1,"{""geodesic"":false,""type"":""Point"",""coordinates"":[97.77097654282588,18.29624276394853]}"
307_0,0.79257274,1,"{""geodesic"":false,""type"":""Point"",""coordinates"":[99.65743863947687,18.377091139519287]}"
308_0,0.77178824,1,"{""geodesic"":false,""type"":""Point"",""coordinates"":[98.37194946790183,19.18018500352214]}"
309_0,0.66879386,1,"{""geodesic"":false,""type"":""Point"",""coordinates"":[100.15061373045849,18.819062259306094]}"
310_0,0.7094009,1,"{""geodesic"":false,""type"":""Point"",""coordinates"":[98.81122564183627,16.04326803137677]}"
311_0,0.5567801,1,"{""geodesic"":false,""type"":""Point"",""coordinates"":[98.40428881813014,17.619811355006533]}"
312_0,0.6376755,1,"{""geodesic"":false,""type"":""Point"",""coordinates"":[99.94310289982687,18.271988251277303]}"
313_0,0.5966776,1,"{""geodesic"":false,""type"":""Point"",""coordinates"":[100.10479965096839,19.12359114062261]}"
314_0,0.30144247,1,"{""geodesic"":false,""type"":""Point"",""coordinates"":[99.56850542634903,19.102031573803743]}"
315_0,0.5891101,1,"{""geodesic"":false,""type"":""Point"",""coordinates"":[100.86746932718586,19.247558649831106]}"
316_0,0.32289737,1,"{""geodesic"":false,""type"":""Point"",""coordinates"":[99.25589170747544,19.37422110489196]}"
317_0,0.67458725,1,"{""geodesic"":false,""type"":""Point"",""coordinates"":[98.71420759115136,17.24790882738105]}"
318_0,0.8625391,1,"{""geodesic"":false,""type"":""Point"",""coordinates"":[97.92997834811503,18.27468319712966]}"
319_0,0.8873778,1,"{""geodesic"":false,""type"":""Point"",""coordinates"":[97.892249106182,18.951114606071663]}"
320_0,0.5736702,1,"{""geodesic"":false,""type"":""Point"",""coordinates"":[99.29092600355611,17.388046011703693]}"
321_0,0.68922275,1,"{""geodesic"":false,""type"":""Point"",""coordinates"":[98.47705235614382,19.188269841079215]}"
322_0,0.8678856,1,"{""geodesic"":false,""type"":""Point"",""coordinates"":[99.61162455998677,18.64119583305043]}"
323_0,0.6057502,1,"{""geodesic"":false,""type"":""Point"",""coordinates"":[98.22372744602211,19.430814967791488]}"
324_0,0.7593554,1,"{""geodesic"":false,""type"":""Point"",""coordinates"":[97.92189351055795,18.509143486284856]}"
325_0,0.6608172,1,"{""geodesic"":false,""type"":""Point"",""coordinates"":[98.26415163380749,17.37996117414662]}"
326_0,0.44226232,1,"{""geodesic"":false,""type"":""Point"",""coordinates"":[99.29631589526082,17.676405217906062]}"
327_0,0.5125305,1,"{""geodesic"":false,""type"":""Point"",""coordinates"":[98.44740795176787,17.404215686817846]}"
328_0,0.60046536,1,"{""geodesic"":false,""type"":""Point"",""coordinates"":[99.19929784457591,17.33684204050888]}"
329_0,0.6232696,1,"{""geodesic"":false,""type"":""Point"",""coordinates"":[97.95692780663862,18.290852872243814]}"
330_0,0.6454442,1,"{""geodesic"":false,""type"":""Point"",""coordinates"":[98.7842761833127,17.20478969374331]}"
331_0,0.76052535,1,"{""geodesic"":false,""type"":""Point"",""coordinates"":[98.7842761833127,17.816542402228706]}"
332_0,0.81440634,1,"{""geodesic"":false,""type"":""Point"",""coordinates"":[99.29362094940846,19.767683199336307]}"
333_0,0.5568882,1,"{""geodesic"":false,""type"":""Point"",""coordinates"":[98.92441336763534,17.070042401125384]}"
334_0,0.7197529,1,"{""geodesic"":false,""type"":""Point"",""coordinates"":[100.0455108422165,18.288157926391456]}"
335_0,0.6348867,1,"{""geodesic"":false,""type"":""Point"",""coordinates"":[98.16713358312258,17.35840160732775]}"
336_0,0.55555916,1,"{""geodesic"":false,""type"":""Point"",""coordinates"":[99.6035397224297,18.498363702875423]}"
337_0,0.9342579,1,"{""geodesic"":false,""type"":""Point"",""coordinates"":[99.21816246554242,17.255993664938124]}"
338_0,0.68815774,1,"{""geodesic"":false,""type"":""Point"",""coordinates"":[99.00526174320609,19.57903698967121]}"
339_0,0.8805497,1,"{""geodesic"":false,""type"":""Point"",""coordinates"":[98.8678195047358,18.218089334230132]}"
340_0,0.34708834,1,"{""geodesic"":false,""type"":""Point"",""coordinates"":[99.67630326044338,18.97267417289053]}"
341_0,0.9034344,1,"{""geodesic"":false,""type"":""Point"",""coordinates"":[98.4393231142108,19.239473812274028]}"
342_0,0.5049183,1,"{""geodesic"":false,""type"":""Point"",""coordinates"":[100.14522383875376,19.395780671710824]}"
343_0,0.55578065,1,"{""geodesic"":false,""type"":""Point"",""coordinates"":[100.61683936291652,18.948419660219304]}"
344_0,0.4991769,1,"{""geodesic"":false,""type"":""Point"",""coordinates"":[100.50365163711746,18.52531316139901]}"
345_0,0.5090552,1,"{""geodesic"":false,""type"":""Point"",""coordinates"":[98.33152528011645,17.62250630085889]}"
346_0,0.64409703,1,"{""geodesic"":false,""type"":""Point"",""coordinates"":[100.08862997585423,19.0723871694278]}"
347_0,0.67327684,1,"{""geodesic"":false,""type"":""Point"",""coordinates"":[99.05377076854855,16.74125900713764]}"
348_0,0.6513141,1,"{""geodesic"":false,""type"":""Point"",""coordinates"":[100.19373286409622,18.986148902152323]}"
349_0,0.57353526,1,"{""geodesic"":false,""type"":""Point"",""coordinates"":[99.90806860374622,17.99979872018909]}"
350_0,0.6080147,1,"{""geodesic"":false,""type"":""Point"",""coordinates"":[98.14287907045136,18.01596839530324]}"
351_0,0.8035441,1,"{""geodesic"":false,""type"":""Point"",""coordinates"":[98.14287907045136,19.681444932060835]}"
352_0,0.7227233,1,"{""geodesic"":false,""type"":""Point"",""coordinates"":[99.93771300812216,18.56304240333203]}"
353_0,0.8373767,1,"{""geodesic"":false,""type"":""Point"",""coordinates"":[97.80870578475889,19.26911821664997]}"
354_0,0.83426356,1,"{""geodesic"":false,""type"":""Point"",""coordinates"":[99.71133755652404,18.196529767411263]}"
355_0,0.5420417,1,"{""geodesic"":false,""type"":""Point"",""coordinates"":[100.49556679956038,18.549567674070236]}"
356_0,0.30459517,1,"{""geodesic"":false,""type"":""Point"",""coordinates"":[99.68977798970516,18.552262619922594]}"
357_0,0.34323224,1,"{""geodesic"":false,""type"":""Point"",""coordinates"":[99.81374549891366,19.250253595683464]}"
358_0,0.8844528,1,"{""geodesic"":false,""type"":""Point"",""coordinates"":[98.36925452204947,18.379786085371645]}"
359_0,0.76375186,1,"{""geodesic"":false,""type"":""Point"",""coordinates"":[99.23702708650893,17.28294312346171]}"
360_0,0.62619627,1,"{""geodesic"":false,""type"":""Point"",""coordinates"":[100.69768773848728,18.061782474793336]}"
361_0,0.80471367,1,"{""geodesic"":false,""type"":""Point"",""coordinates"":[100.19373286409622,18.797502692487225]}"
362_0,0.6040933,1,"{""geodesic"":false,""type"":""Point"",""coordinates"":[99.99700181687405,18.180360092297114]}"
363_0,0.88033307,1,"{""geodesic"":false,""type"":""Point"",""coordinates"":[97.69821300481219,18.239648901049]}"
364_0,0.6060129,1,"{""geodesic"":false,""type"":""Point"",""coordinates"":[98.73307221211788,18.630416049640992]}"
365_0,0.82450384,1,"{""geodesic"":false,""type"":""Point"",""coordinates"":[97.90302888959144,18.379786085371645]}"
366_0,0.5060269,1,"{""geodesic"":false,""type"":""Point"",""coordinates"":[100.13983394704906,19.53591785603347]}"
367_0,0.35029998,1,"{""geodesic"":false,""type"":""Point"",""coordinates"":[100.56024550001699,18.126461175249943]}"
368_0,0.627281,1,"{""geodesic"":false,""type"":""Point"",""coordinates"":[98.99448195979666,17.180535181072084]}"
369_0,0.74607396,1,"{""geodesic"":false,""type"":""Point"",""coordinates"":[98.42854333080136,18.452549623385327]}"
370_0,0.6993672,1,"{""geodesic"":false,""type"":""Point"",""coordinates"":[100.09671481341131,18.404040598042872]}"
371_0,0.7546134,1,"{""geodesic"":false,""type"":""Point"",""coordinates"":[99.15887365679053,17.37996117414662]}"
372_0,0.5555071,1,"{""geodesic"":false,""type"":""Point"",""coordinates"":[99.921543333008,18.03483301626975]}"
373_0,0.61455077,1,"{""geodesic"":false,""type"":""Point"",""coordinates"":[100.32039531915707,18.97536911874289]}"
374_0,0.78719556,1,"{""geodesic"":false,""type"":""Point"",""coordinates"":[99.03490614758203,19.514358289214602]}"
375_0,0.7970688,1,"{""geodesic"":false,""type"":""Point"",""coordinates"":[98.59024008194288,17.183230126924443]}"
376_0,0.8165286,1,"{""geodesic"":false,""type"":""Point"",""coordinates"":[98.26954152551221,18.347446735143343]}"
377_0,0.8314437,1,"{""geodesic"":false,""type"":""Point"",""coordinates"":[98.33961011767353,18.266598359572587]}"
378_0,0.46562126,1,"{""geodesic"":false,""type"":""Point"",""coordinates"":[98.82470037109807,15.83845214659752]}"
379_0,0.8627617,1,"{""geodesic"":false,""type"":""Point"",""coordinates"":[97.81679062231596,18.126461175249943]}"
380_0,0.605081,1,"{""geodesic"":false,""type"":""Point"",""coordinates"":[101.07228521196511,19.549392585295262]}"
381_0,0.529941,1,"{""geodesic"":false,""type"":""Point"",""coordinates"":[100.09401986755896,19.30954240443535]}"
382_0,0.5229201,1,"{""geodesic"":false,""type"":""Point"",""coordinates"":[99.68977798970516,18.479499081908912]}"
383_0,0.90343493,1,"{""geodesic"":false,""type"":""Point"",""coordinates"":[100.06437546318301,18.657365508164578]}"
384_0,0.5550054,1,"{""geodesic"":false,""type"":""Point"",""coordinates"":[98.86512455888345,16.056742760638564]}"
385_0,0.32268083,1,"{""geodesic"":false,""type"":""Point"",""coordinates"":[100.85129965207172,19.34457670051601]}"
386_0,0.5357502,1,"{""geodesic"":false,""type"":""Point"",""coordinates"":[98.66300361995656,16.43942507167348]}"
387_0,0.3080342,1,"{""geodesic"":false,""type"":""Point"",""coordinates"":[98.15635379971314,17.590166950630586]}"
388_0,0.1622015,1,"{""geodesic"":false,""type"":""Point"",""coordinates"":[99.08341517292449,18.506448540432498]}"
389_0,0.6753019,1,"{""geodesic"":false,""type"":""Point"",""coordinates"":[99.23702708650893,17.1535857225485]}"
390_0,0.8870171,1,"{""geodesic"":false,""type"":""Point"",""coordinates"":[99.64396391021508,18.840621826124963]}"
391_0,0.8264072,1,"{""geodesic"":false,""type"":""Point"",""coordinates"":[97.70360289651691,18.41482038145231]}"
392_0,0.8722124,1,"{""geodesic"":false,""type"":""Point"",""coordinates"":[100.19912275580094,18.697789695949957]}"
393_0,0.68309706,1,"{""geodesic"":false,""type"":""Point"",""coordinates"":[98.1267093953372,18.0510026913839]}"
394_0,0.7916312,1,"{""geodesic"":false,""type"":""Point"",""coordinates"":[100.3257852108618,18.20461460496834]}"
395_0,0.51346433,1,"{""geodesic"":false,""type"":""Point"",""coordinates"":[99.46340253810705,18.79211280078251]}"
396_0,0.69896734,1,"{""geodesic"":false,""type"":""Point"",""coordinates"":[98.71151264529901,17.503928683355113]}"
397_0,0.5693869,1,"{""geodesic"":false,""type"":""Point"",""coordinates"":[99.64665885606743,18.48758391946599]}"
398_0,0.9094223,1,"{""geodesic"":false,""type"":""Point"",""coordinates"":[97.75750181356408,18.409430489747592]}"
399_0,0.7819978,1,"{""geodesic"":false,""type"":""Point"",""coordinates"":[98.99717690564901,17.126636264024913]}"
400_0,0.93535846,1,"{""geodesic"":false,""type"":""Point"",""coordinates"":[99.9996967627264,18.608856482822123]}"
401_0,0.88046145,1,"{""geodesic"":false,""type"":""Point"",""coordinates"":[98.36925452204947,19.23677886642167]}"
402_0,0.7846137,1,"{""geodesic"":false,""type"":""Point"",""coordinates"":[100.77045127650095,18.476804136056554]}"
403_0,0.89447844,1,"{""geodesic"":false,""type"":""Point"",""coordinates"":[97.91380867300087,19.037352873347135]}"
404_0,0.74009115,1,"{""geodesic"":false,""type"":""Point"",""coordinates"":[99.15348376508581,17.37996117414662]}"
405_0,0.5741603,1,"{""geodesic"":false,""type"":""Point"",""coordinates"":[98.75463177893675,18.56573734918439]}"
406_0,0.6678739,1,"{""geodesic"":false,""type"":""Point"",""coordinates"":[98.67647834921834,16.528358284801314]}"
407_0,0.84428596,1,"{""geodesic"":false,""type"":""Point"",""coordinates"":[98.00004694027635,19.263728324945255]}"
408_0,0.45341644,1,"{""geodesic"":false,""type"":""Point"",""coordinates"":[99.83530506573253,18.46602435264712]}"
409_0,0.45387244,1,"{""geodesic"":false,""type"":""Point"",""coordinates"":[98.8031408042792,18.269293305424945]}"
410_0,0.8449651,1,"{""geodesic"":false,""type"":""Point"",""coordinates"":[97.67934838384568,18.401345652190514]}"
411_0,0.4946079,1,"{""geodesic"":false,""type"":""Point"",""coordinates"":[98.7384621038226,16.770903411513583]}"
412_0,0.79345495,1,"{""geodesic"":false,""type"":""Point"",""coordinates"":[99.26667149088487,19.754208470074513]}"
413_0,0.82218933,1,"{""geodesic"":false,""type"":""Point"",""coordinates"":[99.21007762798534,17.145500884991424]}"
414_0,0.3967126,1,"{""geodesic"":false,""type"":""Point"",""coordinates"":[98.4527978434726,17.614421463301813]}"
415_0,0.5957475,1,"{""geodesic"":false,""type"":""Point"",""coordinates"":[99.15078881923345,19.0723871694278]}"
416_0,0.3202536,1,"{""geodesic"":false,""type"":""Point"",""coordinates"":[99.3097906245226,17.536268033583415]}"
417_0,0.6497146,1,"{""geodesic"":false,""type"":""Point"",""coordinates"":[98.42854333080136,19.449679588757995]}"
418_0,0.53407323,1,"{""geodesic"":false,""type"":""Point"",""coordinates"":[98.49591697711033,17.41769041607964]}"
419_0,0.55554444,1,"{""geodesic"":false,""type"":""Point"",""coordinates"":[98.65491878239948,17.328757202951806]}"
420_0,0.65643907,1,"{""geodesic"":false,""type"":""Point"",""coordinates"":[99.39602889179808,17.47158933312681]}"
421_0,0.6384078,1,"{""geodesic"":false,""type"":""Point"",""coordinates"":[98.74924188723203,18.083342041612205]}"
422_0,0.6849797,1,"{""geodesic"":false,""type"":""Point"",""coordinates"":[97.40176896105275,18.533397998956083]}"
423_0,0.34218693,1,"{""geodesic"":false,""type"":""Point"",""coordinates"":[99.8380000115849,19.34457670051601]}"
424_0,0.79938763,1,"{""geodesic"":false,""type"":""Point"",""coordinates"":[98.06203069488059,19.1828799493745]}"
425_0,0.7773379,1,"{""geodesic"":false,""type"":""Point"",""coordinates"":[97.88146932277257,18.040222907974467]}"
426_0,0.8174052,1,"{""geodesic"":false,""type"":""Point"",""coordinates"":[99.16156860264289,19.045437710904213]}"
427_0,0.7574986,1,"{""geodesic"":false,""type"":""Point"",""coordinates"":[99.3097906245226,18.14802074206881]}"
428_0,0.6118225,1,"{""geodesic"":false,""type"":""Point"",""coordinates"":[100.13444405534433,19.554782476999982]}"
429_0,0.6288007,1,"{""geodesic"":false,""type"":""Point"",""coordinates"":[98.80853069598392,17.708744568134364]}"
430_0,0.56211084,1,"{""geodesic"":false,""type"":""Point"",""coordinates"":[98.49591697711033,17.350316769770675]}"
431_0,0.66221577,1,"{""geodesic"":false,""type"":""Point"",""coordinates"":[99.39872383765045,17.393435903408413]}"
432_0,0.85618234,1,"{""geodesic"":false,""type"":""Point"",""coordinates"":[100.80818051843397,18.20461460496834]}"
433_0,0.6896312,1,"{""geodesic"":false,""type"":""Point"",""coordinates"":[99.51999640100658,18.452549623385327]}"
434_0,0.75514966,1,"{""geodesic"":false,""type"":""Point"",""coordinates"":[99.61970939754384,18.65197561645986]}"
435_0,0.8305838,1,"{""geodesic"":false,""type"":""Point"",""coordinates"":[98.3288303342641,18.231564063491927]}"
436_0,0.5195791,1,"{""geodesic"":false,""type"":""Point"",""coordinates"":[99.03221120172968,15.477329402381471]}"
437_0,0.73410857,1,"{""geodesic"":false,""type"":""Point"",""coordinates"":[98.36925452204947,18.875656122205623]}"
438_0,0.43143654,1,"{""geodesic"":false,""type"":""Point"",""coordinates"":[100.0913249217066,19.393085725858466]}"
439_0,0.759338,1,"{""geodesic"":false,""type"":""Point"",""coordinates"":[100.92675813593775,18.304327601505605]}"
440_0,0.61437005,1,"{""geodesic"":false,""type"":""Point"",""coordinates"":[97.94345307737682,19.35266153807309]}"
441_0,0.736541,1,"{""geodesic"":false,""type"":""Point"",""coordinates"":[98.83548015450751,16.76012362810415]}"
442_0,0.70135796,1,"{""geodesic"":false,""type"":""Point"",""coordinates"":[98.28840614647872,18.902605580729208]}"
443_0,0.72204673,1,"{""geodesic"":false,""type"":""Point"",""coordinates"":[98.74924188723203,17.708744568134364]}"
444_0,0.5399931,1,"{""geodesic"":false,""type"":""Point"",""coordinates"":[97.80062094720182,19.037352873347135]}"
445_0,0.8401023,1,"{""geodesic"":false,""type"":""Point"",""coordinates"":[100.06168051733066,18.829842042715526]}"
446_0,0.74468154,1,"{""geodesic"":false,""type"":""Point"",""coordinates"":[100.41741336984198,18.293547818096172]}"
447_0,0.6958895,1,"{""geodesic"":false,""type"":""Point"",""coordinates"":[100.07246030074009,18.436379948271178]}"
448_0,0.77352905,1,"{""geodesic"":false,""type"":""Point"",""coordinates"":[101.08306499537454,18.948419660219304]}"
449_0,0.4816042,1,"{""geodesic"":false,""type"":""Point"",""coordinates"":[99.04299098513911,16.789768032480094]}"
450_0,0.4756435,1,"{""geodesic"":false,""type"":""Point"",""coordinates"":[100.01856138369291,19.015793306528266]}"
451_0,0.46670446,1,"{""geodesic"":false,""type"":""Point"",""coordinates"":[100.17756318898208,19.304152512730635]}"
452_0,0.6609233,1,"{""geodesic"":false,""type"":""Point"",""coordinates"":[99.8892039827797,18.180360092297114]}"
453_0,0.8998445,1,"{""geodesic"":false,""type"":""Point"",""coordinates"":[99.21816246554242,17.274858285904635]}"
454_0,0.8387679,1,"{""geodesic"":false,""type"":""Point"",""coordinates"":[99.89998376618914,18.404040598042872]}"
455_0,0.9078617,1,"{""geodesic"":false,""type"":""Point"",""coordinates"":[97.67665343799332,18.37439619366693]}"
456_0,0.51498026,1,"{""geodesic"":false,""type"":""Point"",""coordinates"":[99.41219856691224,17.762643485181535]}"
457_0,0.82004446,1,"{""geodesic"":false,""type"":""Point"",""coordinates"":[98.48783213955325,19.25833843324054]}"
458_0,0.5162783,1,"{""geodesic"":false,""type"":""Point"",""coordinates"":[98.64144405313769,15.938165143134787]}"
459_0,0.6886887,1,"{""geodesic"":false,""type"":""Point"",""coordinates"":[98.68456318677542,17.71682940569144]}"
460_0,0.72973114,1,"{""geodesic"":false,""type"":""Point"",""coordinates"":[98.2506769045457,19.589816773080642]}"
461_0,0.7458828,1,"{""geodesic"":false,""type"":""Point"",""coordinates"":[99.94849279153159,18.50105864872778]}"
462_0,0.8517532,1,"{""geodesic"":false,""type"":""Point"",""coordinates"":[99.98352708761226,18.964589335333454]}"
463_0,0.55881727,1,"{""geodesic"":false,""type"":""Point"",""coordinates"":[98.4527978434726,17.47428427897917]}"
464_0,0.6871666,1,"{""geodesic"":false,""type"":""Point"",""coordinates"":[98.53903611074806,18.107596554283433]}"
465_0,0.8661733,1,"{""geodesic"":false,""type"":""Point"",""coordinates"":[98.45010289762023,19.490103776543375]}"
466_0,0.51544297,1,"{""geodesic"":false,""type"":""Point"",""coordinates"":[99.31248557037497,17.95937453240371]}"
467_0,0.7294118,1,"{""geodesic"":false,""type"":""Point"",""coordinates"":[99.74906679845706,18.26120846786787]}"
468_0,0.89853776,1,"{""geodesic"":false,""type"":""Point"",""coordinates"":[98.9001588549641,17.49314889994568]}"
469_0,0.88818246,1,"{""geodesic"":false,""type"":""Point"",""coordinates"":[98.91632853007826,17.46619944142209]}"
470_0,0.7232313,1,"{""geodesic"":false,""type"":""Point"",""coordinates"":[98.57137546097637,17.652150705234835]}"
471_0,0.8267902,1,"{""geodesic"":false,""type"":""Point"",""coordinates"":[100.13713900119669,18.54148283651316]}"
472_0,0.85747874,1,"{""geodesic"":false,""type"":""Point"",""coordinates"":[100.84051986866228,18.25581857616315]}"
473_0,0.6148122,1,"{""geodesic"":false,""type"":""Point"",""coordinates"":[100.28536102307642,19.088556844541948]}"
474_0,0.55035996,1,"{""geodesic"":false,""type"":""Point"",""coordinates"":[97.97309748175276,18.554957565774952]}"
475_0,0.84924203,1,"{""geodesic"":false,""type"":""Point"",""coordinates"":[98.1725234748273,19.490103776543375]}"
476_0,0.81814736,1,"{""geodesic"":false,""type"":""Point"",""coordinates"":[97.94884296908154,18.323192222472116]}"
477_0,0.44167557,1,"{""geodesic"":false,""type"":""Point"",""coordinates"":[98.71151264529901,18.65467056231222]}"
478_0,0.49636152,1,"{""geodesic"":false,""type"":""Point"",""coordinates"":[100.17217329727735,19.465849263872148]}"
479_0,0.5646561,1,"{""geodesic"":false,""type"":""Point"",""coordinates"":[99.53347113026837,18.611551428674485]}"
480_0,0.84840375,1,"{""geodesic"":false,""type"":""Point"",""coordinates"":[97.92189351055795,18.724739154473543]}"
481_0,0.68347055,1,"{""geodesic"":false,""type"":""Point"",""coordinates"":[99.69247293555753,18.891825797319775]}"
482_0,0.5457659,1,"{""geodesic"":false,""type"":""Point"",""coordinates"":[98.7061227535943,19.576342043818848]}"
483_0,0.6095723,1,"{""geodesic"":false,""type"":""Point"",""coordinates"":[99.0187364724679,16.81671749100368]}"
484_0,0.6644401,1,"{""geodesic"":false,""type"":""Point"",""coordinates"":[99.88650903692735,17.910865507061256]}"
485_0,0.7809158,1,"{""geodesic"":false,""type"":""Point"",""coordinates"":[97.91650361885324,18.37439619366693]}"
486_0,0.6436896,1,"{""geodesic"":false,""type"":""Point"",""coordinates"":[100.41202347813727,19.271813162502333]}"
487_0,0.42010123,1,"{""geodesic"":false,""type"":""Point"",""coordinates"":[97.997351994424,17.54974276284521]}"
488_0,0.8526458,1,"{""geodesic"":false,""type"":""Point"",""coordinates"":[99.56581048049668,18.49027886531835]}"
489_0,0.69665027,1,"{""geodesic"":false,""type"":""Point"",""coordinates"":[100.79470578917218,18.26120846786787]}"
490_0,0.49096078,1,"{""geodesic"":false,""type"":""Point"",""coordinates"":[100.4039386405802,20.182704860599525]}"
491_0,0.38303035,1,"{""geodesic"":false,""type"":""Point"",""coordinates"":[100.15061373045849,18.24234384690136]}"
492_0,0.54430133,1,"{""geodesic"":false,""type"":""Point"",""coordinates"":[98.29918592988815,17.250603773233408]}"
493_0,0.8277461,1,"{""geodesic"":false,""type"":""Point"",""coordinates"":[98.77619134575562,16.366661533659798]}"
494_0,0.8228744,1,"{""geodesic"":false,""type"":""Point"",""coordinates"":[98.19138809579381,19.549392585295262]}"
495_0,0.5524662,1,"{""geodesic"":false,""type"":""Point"",""coordinates"":[98.9729223929778,19.568257206261773]}"
496_0,0.8330434,1,"{""geodesic"":false,""type"":""Point"",""coordinates"":[98.78158123746033,17.220959368857464]}"
497_0,0.7497377,1,"{""geodesic"":false,""type"":""Point"",""coordinates"":[99.0564657144009,19.61137633989951]}"
498_0,0.6312884,1,"{""geodesic"":false,""type"":""Point"",""coordinates"":[100.81626535599105,18.581907024298538]}"
499_0,0.8322126,1,"{""geodesic"":false,""type"":""Point"",""coordinates"":[98.89207401740704,18.177665146444753]}"
500_0,0.5265963,1,"{""geodesic"":false,""type"":""Point"",""coordinates"":[99.70594766481932,17.781508106148046]}"
501_0,0.70160615,1,"{""geodesic"":false,""type"":""Point"",""coordinates"":[100.82974008525284,18.44985467753297]}"
502_0,0.7725418,1,"{""geodesic"":false,""type"":""Point"",""coordinates"":[98.75463177893675,16.06213265234328]}"
503_0,0.6029194,1,"{""geodesic"":false,""type"":""Point"",""coordinates"":[98.26415163380749,18.94033482266223]}"
504_0,0.7015188,1,"{""geodesic"":false,""type"":""Point"",""coordinates"":[98.74924188723203,18.6169413203792]}"
505_0,0.8740297,1,"{""geodesic"":false,""type"":""Point"",""coordinates"":[98.48783213955325,19.296067675173557]}"
506_0,0.80139834,1,"{""geodesic"":false,""type"":""Point"",""coordinates"":[97.86529964765842,18.625026157936276]}"
507_0,0.84802103,1,"{""geodesic"":false,""type"":""Point"",""coordinates"":[99.89459387448441,18.417515327304667]}"
508_0,0.7844216,1,"{""geodesic"":false,""type"":""Point"",""coordinates"":[99.53616607612074,18.95380955192402]}"
509_0,0.7882942,1,"{""geodesic"":false,""type"":""Point"",""coordinates"":[97.90302888959144,18.301632655653247]}"
510_0,0.64919114,1,"{""geodesic"":false,""type"":""Point"",""coordinates"":[97.9515379149339,19.358051429777806]}"
511_0,0.683017,1,"{""geodesic"":false,""type"":""Point"",""coordinates"":[98.39081408886834,19.26911821664997]}"
512_0,0.75228363,1,"{""geodesic"":false,""type"":""Point"",""coordinates"":[98.38811914301598,18.22078428008249]}"
513_0,0.8036069,1,"{""geodesic"":false,""type"":""Point"",""coordinates"":[97.98926715686692,19.358051429777806]}"
514_0,0.6041613,1,"{""geodesic"":false,""type"":""Point"",""coordinates"":[99.39063900009337,18.099511716726354]}"
515_0,0.8546039,1,"{""geodesic"":false,""type"":""Point"",""coordinates"":[98.3746444137542,18.26120846786787]}"
516_0,0.553241,1,"{""geodesic"":false,""type"":""Point"",""coordinates"":[99.61431950583913,18.614246374526843]}"
517_0,0.682637,1,"{""geodesic"":false,""type"":""Point"",""coordinates"":[100.82704513940048,18.42560016486174]}"
518_0,0.5250662,1,"{""geodesic"":false,""type"":""Point"",""coordinates"":[99.5900649931679,19.204439516193368]}"
519_0,0.8192645,1,"{""geodesic"":false,""type"":""Point"",""coordinates"":[98.18599820408909,19.492798722395733]}"
520_0,0.66884,1,"{""geodesic"":false,""type"":""Point"",""coordinates"":[100.21529243091508,18.967284281185815]}"
521_0,0.8592919,1,"{""geodesic"":false,""type"":""Point"",""coordinates"":[98.47435741029146,19.42812002193913]}"
522_0,0.57937384,1,"{""geodesic"":false,""type"":""Point"",""coordinates"":[100.14791878460612,19.22330413715988]}"
523_0,0.4984016,1,"{""geodesic"":false,""type"":""Point"",""coordinates"":[100.32309026500943,18.87835106805798]}"
524_0,0.80488795,1,"{""geodesic"":false,""type"":""Point"",""coordinates"":[100.02664622124999,18.52531316139901]}"
525_0,0.6326381,1,"{""geodesic"":false,""type"":""Point"",""coordinates"":[98.68725813262779,17.54704781699285]}"
526_0,0.6440125,1,"{""geodesic"":false,""type"":""Point"",""coordinates"":[98.41506860153957,18.22078428008249]}"
527_0,0.6576471,1,"{""geodesic"":false,""type"":""Point"",""coordinates"":[101.21511734214012,18.7274341003259]}"
528_0,0.62202233,1,"{""geodesic"":false,""type"":""Point"",""coordinates"":[100.05090073392122,18.385175977076365]}"
529_0,0.5534018,1,"{""geodesic"":false,""type"":""Point"",""coordinates"":[98.9136335842259,17.05926261771595]}"
530_0,0.57686675,1,"{""geodesic"":false,""type"":""Point"",""coordinates"":[97.99465704857164,19.457764426315073]}"
531_0,0.6171929,1,"{""geodesic"":false,""type"":""Point"",""coordinates"":[98.70881769944666,17.16975539766265]}"
532_0,0.2331209,1,"{""geodesic"":false,""type"":""Point"",""coordinates"":[98.48244224784854,17.35570666147539]}"
533_0,0.61552024,1,"{""geodesic"":false,""type"":""Point"",""coordinates"":[100.53868593319812,18.808282475896657]}"
534_0,0.51262474,1,"{""geodesic"":false,""type"":""Point"",""coordinates"":[97.98118231930984,18.937639876809868]}"
535_0,0.6364961,1,"{""geodesic"":false,""type"":""Point"",""coordinates"":[98.76541156234619,18.660060454016936]}"
536_0,0.88232243,1,"{""geodesic"":false,""type"":""Point"",""coordinates"":[99.21546751969007,17.272163340052277]}"
537_0,0.8491828,1,"{""geodesic"":false,""type"":""Point"",""coordinates"":[98.80853069598392,18.705874533507032]}"
538_0,0.6873975,1,"{""geodesic"":false,""type"":""Point"",""coordinates"":[100.05090073392122,18.14802074206881]}"
539_0,0.6645009,1,"{""geodesic"":false,""type"":""Point"",""coordinates"":[98.76810650819854,18.075257204055127]}"
540_0,0.9504493,1,"{""geodesic"":false,""type"":""Point"",""coordinates"":[98.1725234748273,19.363441321482522]}"
541_0,0.49372643,1,"{""geodesic"":false,""type"":""Point"",""coordinates"":[99.26397654503252,17.913560452913615]}"
542_0,0.24535021,1,"{""geodesic"":false,""type"":""Point"",""coordinates"":[99.05916066025327,18.444464785828252]}"
543_0,0.6632195,1,"{""geodesic"":false,""type"":""Point"",""coordinates"":[98.66300361995656,17.39613084926077]}"
544_0,0.8117005,1,"{""geodesic"":false,""type"":""Point"",""coordinates"":[100.98604694468963,19.36883121318724]}"
545_0,0.61086154,1,"{""geodesic"":false,""type"":""Point"",""coordinates"":[98.9917870139443,16.803242761741885]}"
546_0,0.85765946,1,"{""geodesic"":false,""type"":""Point"",""coordinates"":[99.26936643673723,17.26677344834756]}"
547_0,0.6641907,1,"{""geodesic"":false,""type"":""Point"",""coordinates"":[98.54442600245278,18.118376337692865]}"
548_0,0.60839814,1,"{""geodesic"":false,""type"":""Point"",""coordinates"":[98.85164982962165,18.150715687921167]}"
549_0,0.61460334,1,"{""geodesic"":false,""type"":""Point"",""coordinates"":[100.13713900119669,19.55747742285234]}"
550_0,0.62192357,1,"{""geodesic"":false,""type"":""Point"",""coordinates"":[100.88902889400472,18.48219402776127]}"
551_0,0.76893896,1,"{""geodesic"":false,""type"":""Point"",""coordinates"":[98.3611696844924,18.20191965911598]}"
552_0,0.6503297,1,"{""geodesic"":false,""type"":""Point"",""coordinates"":[99.0564657144009,16.6658005232716]}"
553_0,0.7776897,1,"{""geodesic"":false,""type"":""Point"",""coordinates"":[97.92189351055795,18.401345652190514]}"
554_0,0.74292856,1,"{""geodesic"":false,""type"":""Point"",""coordinates"":[98.425848384949,18.444464785828252]}"
555_0,0.8041325,1,"{""geodesic"":false,""type"":""Point"",""coordinates"":[98.43662816835844,19.50357850580517]}"
556_0,0.2982921,1,"{""geodesic"":false,""type"":""Point"",""coordinates"":[99.7463718526047,18.439074894123536]}"
557_0,0.36779654,1,"{""geodesic"":false,""type"":""Point"",""coordinates"":[98.68186824092307,18.907995472433925]}"
558_0,0.27035353,1,"{""geodesic"":false,""type"":""Point"",""coordinates"":[99.41219856691224,18.14802074206881]}"
559_0,0.686074,1,"{""geodesic"":false,""type"":""Point"",""coordinates"":[99.91884838715565,18.183055038149472]}"
560_0,0.6328564,1,"{""geodesic"":false,""type"":""Point"",""coordinates"":[99.78410109453772,18.382481031224003]}"
561_0,0.8814629,1,"{""geodesic"":false,""type"":""Point"",""coordinates"":[97.85721481010134,19.19904962448865]}"
562_0,0.8083883,1,"{""geodesic"":false,""type"":""Point"",""coordinates"":[98.6468339448424,17.627896192563608]}"
563_0,0.80474627,1,"{""geodesic"":false,""type"":""Point"",""coordinates"":[97.9380631856721,18.581907024298538]}"
564_0,0.69042736,1,"{""geodesic"":false,""type"":""Point"",""coordinates"":[98.92980325934005,16.88948102901736]}"
565_0,0.5582797,1,"{""geodesic"":false,""type"":""Point"",""coordinates"":[99.31787546207968,17.953984640698994]}"
566_0,0.648504,1,"{""geodesic"":false,""type"":""Point"",""coordinates"":[99.30170578696554,16.819412436856037]}"
567_0,0.8469315,1,"{""geodesic"":false,""type"":""Point"",""coordinates"":[99.72211733993348,18.2073095508207]}"
568_0,0.85870504,1,"{""geodesic"":false,""type"":""Point"",""coordinates"":[100.86746932718586,18.401345652190514]}"
569_0,0.5818181,1,"{""geodesic"":false,""type"":""Point"",""coordinates"":[98.5040018146674,17.37726622829426]}"
570_0,0.69475263,1,"{""geodesic"":false,""type"":""Point"",""coordinates"":[97.94345307737682,18.479499081908912]}"
571_0,0.60494137,1,"{""geodesic"":false,""type"":""Point"",""coordinates"":[100.62492420047359,18.06986731235041]}"
572_0,0.3524041,1,"{""geodesic"":false,""type"":""Point"",""coordinates"":[98.24798195869334,19.04813265675657]}"
573_0,0.8730881,1,"{""geodesic"":false,""type"":""Point"",""coordinates"":[98.0027418861287,19.20174457034101]}"
574_0,0.72391033,1,"{""geodesic"":false,""type"":""Point"",""coordinates"":[99.85147474084668,18.611551428674485]}"
575_0,0.68859094,1,"{""geodesic"":false,""type"":""Point"",""coordinates"":[100.05629062562593,18.622331212083918]}"
576_0,0.8213391,1,"{""geodesic"":false,""type"":""Point"",""coordinates"":[98.13748917874663,19.643715690127813]}"
577_0,0.43431768,1,"{""geodesic"":false,""type"":""Point"",""coordinates"":[99.68977798970516,18.44985467753297]}"
578_0,0.8920529,1,"{""geodesic"":false,""type"":""Point"",""coordinates"":[98.22642239187446,19.306847458582993]}"
579_0,0.8679235,1,"{""geodesic"":false,""type"":""Point"",""coordinates"":[99.66552347703394,18.385175977076365]}"
580_0,0.7668569,1,"{""geodesic"":false,""type"":""Point"",""coordinates"":[99.02143141832025,19.511663343362244]}"
581_0,0.56195545,1,"{""geodesic"":false,""type"":""Point"",""coordinates"":[100.88094405644766,18.86218139294383]}"
582_0,0.5861881,1,"{""geodesic"":false,""type"":""Point"",""coordinates"":[99.0699404436627,17.512013520912188]}"
583_0,0.6811553,1,"{""geodesic"":false,""type"":""Point"",""coordinates"":[98.69534297018485,17.50931857505983]}"
584_0,0.6755484,1,"{""geodesic"":false,""type"":""Point"",""coordinates"":[98.85703972132637,17.468894387274453]}"
585_0,0.81172216,1,"{""geodesic"":false,""type"":""Point"",""coordinates"":[97.51765163270417,18.460634460942405]}"
586_0,0.7098411,1,"{""geodesic"":false,""type"":""Point"",""coordinates"":[99.06185560610562,19.44428969705328]}"
587_0,0.5270348,1,"{""geodesic"":false,""type"":""Point"",""coordinates"":[98.63605416143297,16.603816768667354]}"
588_0,0.40288675,1,"{""geodesic"":false,""type"":""Point"",""coordinates"":[99.32057040793205,17.485064062388602]}"
589_0,0.6508472,1,"{""geodesic"":false,""type"":""Point"",""coordinates"":[100.51982131223161,18.080647095759847]}"
590_0,0.5360308,1,"{""geodesic"":false,""type"":""Point"",""coordinates"":[98.93788809689713,18.420210273157025]}"
591_0,0.46997464,1,"{""geodesic"":false,""type"":""Point"",""coordinates"":[100.27458123966697,18.395955760485798]}"
592_0,0.6032408,1,"{""geodesic"":false,""type"":""Point"",""coordinates"":[98.9405830427495,17.037703050897083]}"
593_0,0.3143294,1,"{""geodesic"":false,""type"":""Point"",""coordinates"":[98.9783122846825,19.74342868666508]}"
594_0,0.689578,1,"{""geodesic"":false,""type"":""Point"",""coordinates"":[99.23972203236129,17.296417852723504]}"
595_0,0.5720872,1,"{""geodesic"":false,""type"":""Point"",""coordinates"":[99.09958484803865,18.331277060029194]}"
596_0,0.5936025,1,"{""geodesic"":false,""type"":""Point"",""coordinates"":[100.09671481341131,19.128981032327328]}"
597_0,0.54199743,1,"{""geodesic"":false,""type"":""Point"",""coordinates"":[100.63839892973539,18.12376622939758]}"
598_0,0.6729802,1,"{""geodesic"":false,""type"":""Point"",""coordinates"":[99.01065163491081,17.436555037046148]}"
599_0,0.91710967,1,"{""geodesic"":false,""type"":""Point"",""coordinates"":[98.4527978434726,19.263728324945255]}"
